Surnames,
AACHARYA,
AAFRIN,
AALA,
AALAM,
AALEMAGAR,
AASHISH,
AATREYA,
AAUJI,
AAZAD,
ACHAJU,
ACHARAYA,
ACHARJ,
ACHARJU,
ACHARY,
ACHARYA,
ACHARYANI,
ACHAYA,
ACHAYRA,
ACHHAMI,
ACHRYA,
ADHAKARE,
ADHAKARI,
ADHIAKARI,
ADHIAKRI,
ADHIKAARI,
ADHIKAR,
ADHIKAREE,
ADHIKARI,
ADHIKARY,
ADHIKRI,
ADHIRKI,
ADHKARI,
ADIGA,
ADIHARI,
ADKHIKARI,
ADUWA,
AERI,
AFROJ,
AFTAB,
AGANJA,
AGARAWAL,
AGARWA,
AGARWAL,
AGASTI,
AGAWAL,
AGRAHARI,
AGRAWAL,
AGRWAL,
AHAMAD,
AHAMED,
AHBED,
AHDIKARI,
AHEMAD,
AHIDKARI,
AHIKARI,
AHIR,
AHIRIN,
AHMAD,
AHMED,
AIDEE,
AIDI,
AIR,
AIREE,
AIRI,
AJAKHYA,
AJAM,
AKHELI,
AKHILESHOR,
AKHTAR,
ALAM,
ALE,
ALEMAGAR,
ALEY,
ALI,
ALIMIYA,
AMAJYA,
AMATYA,
AMGAI,
AMGAIN,
AMGATI,
AMMAY,
ANAND,
ANGBO,
ANGBUHANG,
ANGDEMBE,
ANGENI,
ANGTHUPO,
ANSARI,
ANU,
ANWAR,
ARAYAL,
ARCHARYA,
ARGARIYA,
ARJEL,
ARJYAL,
ARYA,
ARYAL,
ASHAFAK,
ASHRAF,
ASMA,
ATAL,
ATREYA,
ATREYEE,
ATRI,
ATTREYA,
AVILASHA,
AWAEE,
AWAL,
AWALE,
AWASTHI,
AWOSTHI,
AYER,
AYRI,
AYUB,
AZAD,
AZIZ,
B.C,
B.C.,
B.K,
B.K.,
BAAHYAL,
BABU,
BACHHAWAI,
BADA,
BADAHI,
BADAILA,
BADAL,
BADE,
BADGAMI,
BADHU,
BADHYA,
BADHYO,
BADRUDOZA,
BADU,
BADUWAL,
BAG,
BAGA,
BAGADAIYA,
BAGADIA,
BAGADIYA,
BAGAJAIN,
BAGALA,
BAGALE,
BAGARIYA,
BAGCHAND,
BAGDIYA,
BAGELA,
BAGGA,
BAGLE,
BAGWAN,
BAHETI,
BAHETY,
BAHNDARI,
BAHRATI,
BAHTT,
BAHTTA,
BAHTTACHAN,
BAHTTARAI,
BAIDAR,
BAIDAWAR,
BAIDHAYA,
BAIDHYA,
BAIDIK,
BAIDYA,
BAIJU,
BAISALI,
BAISH,
BAISHAY,
BAISHYA,
BAISYAT,
BAISYET,
BAITHA,
BAITYA,
BAJAGAI,
BAJAGAIN,
BAJAJ,
BAJDRACHARYA,
BAJGAI,
BAJGAIN,
BAJIKO,
BAJIMAYA,
BAJIMAYO,
BAJPAYEE,
BAJRACAHARYA,
BAJRACAHRYA,
BAJRACHARAY,
BAJRACHARY,
BAJRACHARYA,
BAJRACHAYA,
BAJRACHAYRA,
BAJRACHRYA,
BAJRCHARYA,
BAJYU,
BAKEY,
BAKHADYO,
BAKHATI,
BAKHREL,
BAKHU,
BAKHUNCHHE,
BAL,
BALA,
BALAL,
BALAMI,
BALAMPAKI,
BALAYA,
BALAYAR,
BALLA,
BALMAPAKI,
BAM,
BAMANU,
BAMJAN,
BAMMA,
BAN,
BANA,
BANDA,
BANDARI,
BANDHU,
BANDU,
BANEPALI,
BANERJEE,
BANGA,
BANIA,
BANIYA,
BANJADAY,
BANJADE,
BANJADEY,
BANJANKAR,
BANJAR,
BANJARA,
BANKA,
BANMALI,
BANSAL,
BANSALI,
BANSET,
BANSKOTA,
BANSTOLA,
BANTAWA,
BANTHA,
BANTWA,
BANU,
BAPHANA,
BARAHI,
BARAI,
BARAILY,
BARAKOTI,
BARAL,
BARALI,
BARAM,
BARAMLE,
BARANAWAL,
BARANWAL,
BARDEWA,
BARINI,
BARIYA,
BARIYAIT,
BARIYATI,
BARJACHARYA,
BARMA,
BARMASHAKHA,
BARME,
BARMECHA,
BARNAWAL,
BARNWAL,
BARTAULA,
BARUN,
BARUWA,
BARUWAL,
BARWAL,
BASAN,
BASAULA,
BASEL,
BASENT,
BASHISTHA,
BASHNATA,
BASHNET,
BASHUKALA,
BASHYAL,
BASI,
BASISTHA,
BASKOTA,
BASNET,
BASNTOLA,
BASNYAAT,
BASNYAT,
BASSI,
BASTAKOTI,
BASTI,
BASTOLA,
BASUKALA,
BASYAL,
BATA,
BATAJOO,
BATAJU,
BATALA,
BATAS,
BATASH,
BATI,
BATTARAI,
BAUDHACHARYA,
BAYAJU,
BAYALKOTI,
BAZAGAIN,
BC,
BDANDARI,
BEDARI,
BEGA,
BEGAM,
BEGHA,
BEGWANI,
BEGWANIT,
BELBASE,
BENJANKAR,
BERIA,
BHA,
BHADANRI,
BHADARI,
BHADEL,
BHADNARI,
BHADRA,
BHAGAT,
BHAI,
BHAIJU,
BHAILA,
BHAINATWA,
BHAJU,
BHAKHAJU,
BHAKTA,
BHAKTARAJ,
BHAN,
BHANDA,
BHANDAI,
BHANDAIR,
BHANDAR,
BHANDARI,
BHANDARY,
BHANDNARI,
BHANSALI,
BHANSHAKAR,
BHANSI,
BHANTANA,
BHAR,
BHARADWAJ,
BHARATEE,
BHARATI,
BHARDWAJ,
BHARGARE,
BHARI,
BHARKHER,
BHARTI,
BHASIMA,
BHASINK,
BHASINKA,
BHAT,
BHATAARAI,
BHATARAI,
BHATARI,
BHATCHAN,
BHATRAI,
BHATT,
BHATTA,
BHATTACHAN,
BHATTACHARYA,
BHATTARA,
BHATTARAI,
BHATTARAUI,
BHATTARI,
BHATTARIA,
BHATTATAI,
BHATTRAI,
BHATTU,
BHAU,
BHAUKAJEE,
BHAUMIK,
BHELE,
BHETAL,
BHETUWAL,
BHETWAL,
BHETWUWAL,
BHHATRY,
BHIKSHU,
BHIMIRE,
BHIMRAJKA,
BHIMSARIYA,
BHITRIKOTI,
BHOCHHIBHOYA,
BHOCHHIBOYA,
BHOJU,
BHOLAN,
BHOMI,
BHOMJAN,
BHOORTEL,
BHORTEL,
BHOSAL,
BHOTE,
BHOTIA,
BHOUJU,
BHOYOYO,
BHTTARAI,
BHUAL,
BHUDHATHOKI,
BHUGAI,
BHUGEL,
BHUI,
BHUJAL,
BHUJEL,
BHUJU,
BHUKHAJU,
BHUL,
BHULAN,
BHURTEL,
BHURTYAL,
BHUSAL,
BHUSHAL,
BHYOJU,
BIBI,
BICHHA,
BIDAK,
BIDARI,
BIDARIN,
BIDERI,
BIDHYA,
BIDHYADHAR,
BIDYADHAR,
BIJAYANANDA,
BIJUKACHHE,
BIJUKCHE,
BIJUKCHEN,
BIJUKCHHE,
BIJUKCHHETIMALA,
BIJUKSHE,
BIKA,
BIKESH,
BIKRAM,
BIMALA,
BIMALI,
BIMB,
BINADI,
BINDARI,
BINDUKAR,
BIRAJI,
BISANKHA,
BISHALTIMALSINA,
BISHANKHA,
BISHET,
BISHOKARMA,
BISHOWKARMA,
BISHT,
BISHTA,
BISHUNKHE,
BISHWAKARMA,
BISHWAS,
BISHWKARMA,
BISHWOKARMA,
BISKIWAKARMA,
BIST,
BISTA,
BISURAL,
BISWAKARMA,
BISWAS,
BISWASH,
BISWKARNMA,
BISWOKARMA,
BITHARI,
BJARACHARYA,
BK,
BLON,
BLOWN,
BM,
BODHAR,
BOGATI,
BOHAJU,
BOHAR,
BOHARA,
BOHORA,
BOHRA,
BOKATI,
BOKHIM,
BOKI,
BOLAKHE,
BOLOKHE,
BOM,
BOMJAN,
BOMZAN,
BOMZON,
BORA,
BOT,
BOTE,
BOTHARA,
BOTHRA,
BRAMHACHARYA,
BRAYAIT,
BUCHA,
BUDA,
BUDACHARYA,
BUDATHOKI,
BUDDACHARYA,
BUDDATHOKI,
BUDDHACHARYA,
BUDDHATHOKI,
BUDHA,
BUDHAAIR,
BUDHACHARYA,
BUDHAMAGAR,
BUDHATHKOI,
BUDHATHOKI,
BUDHATHOKRI,
BUDIYAL,
BUDTHAPA,
BUDTHOKI,
BUHYO,
BULLIONS,
BURA,
BURLAKOTI,
BURMA,
BUTHATHOKI,
BUYO,
BYAHUT,
BYANJAKAR,
BYANJANJAR,
BYANJANKAR,
BYANJU,
CAHUDHARY,
CENTER,
CENTURY,
CHACHAN,
CHAD,
CHADUHARY,
CHAGUTALA,
CHAGUTHEE,
CHAGUTHI,
CHAKATU,
CHAKHUN,
CHAKRADHAR,
CHAKUBAJI,
CHALAUNE,
CHALISE,
CHALISEY,
CHALULAGAIN,
CHAMAR,
CHAMLAGAI,
CHAMLAGAIN,
CHAMLING,
CHAMTHAKURI,
CHAN,
CHANARA,
CHAND,
CHANDA,
CHANDRA,
CHANDRABANSHI,
CHANDRABANSI,
CHANDRAVANSHI,
CHANDTHAKURI,
CHANGUBHARI,
CHANSI,
CHAPAGAI,
CHAPAGAIE,
CHAPAGAIIN,
CHAPAGAIN,
CHAPAGI,
CHAPAI,
CHAPAIN,
CHAPANG,
CHAPGAIN,
CHAR,
CHARYA,
CHATAUT,
CHATRI,
CHATTRI,
CHATURBEDI,
CHAUBE,
CHAUDAHRY,
CHAUDARY,
CHAUDH,
CHAUDHA,
CHAUDHAR,
CHAUDHARAY,
CHAUDHARI,
CHAUDHARY,
CHAUDHARYA,
CHAUDHRY,
CHAUGUTHI,
CHAUHAN,
CHAUKYAL,
CHAULAGAI,
CHAULAGAIN,
CHAULGAIN,
CHAULGHAI,
CHAULIGAIN,
CHAURARSIYA,
CHAURASIA,
CHAURASIYA,
CHAUREL,
CHAUTUTHI,
CHAWAI,
CHAWAL,
CHAWHAN,
CHAYUDHARY,
CHEETRI,
CHEL,
CHEMJONG,
CHEPANG,
CHETANA,
CHETRI,
CHETTRI,
CHEULAGHI,
CHHA,
CHHANTYAL,
CHHATKULI,
CHHATRI,
CHHAWA,
CHHETI,
CHHETRI,
CHHETRY,
CHHETTRI,
CHHINAL,
CHHLISE,
CHHORI,
CHHOSHYABAGA,
CHHTRI,
CHHUKA,
CHHUKAN,
CHHUNJU,
CHHUSYABAGA,
CHHWAJU,
CHIDI,
CHIKANBANJAR,
CHILUWAL,
CHIMARIYA,
CHIMAURIYA,
CHIMOURIYA,
CHIPALU,
CHITAKAR,
CHITLANGIA,
CHITLANGIYA,
CHITRAKAR,
CHITRAKR,
CHOCHHE,
CHOHAN,
CHOKHAL,
CHOKHANI,
CHOKKAPU,
CHONGBANG,
CHORADIA,
CHOUBEY,
CHOUDHARI,
CHOUDHARY,
CHOUDHARYA,
CHOUHAN,
CHOURASIA,
CHOWDHARY,
CHPAGAIN,
CHUDAL,
CHUDALI,
CHUDHARY,
CHUDHARYA,
CHUKE,
CHULAGAIN,
CHULYADA,
CHULYADHYA,
CHURIHAR,
CHUWAL,
CHWAIN,
CHYAME,
CHYHETRI,
DABADI,
DAFALI,
DAGA,
DAHA,
DAHAKAL,
DAHAL,
DAHIT,
DAIBAGYA,
DAKAL,
DALA,
DALEE,
DALI,
DALLAKOTI,
DAM,
DAMAI,
DAMASE,
DAMBERPAL,
DANAI,
DANDI,
DANGAL,
DANGI,
DANGOL,
DANI,
DANTHA,
DANUWAR,
DARAI,
DARI,
DARJI,
DARLAMEE,
DARLAMI,
DARNAL,
DARSHAN,
DARSHANDHARI,
DAS,
DASAUDI,
DASELLY,
DASH,
DATHEPUTHE,
DAWADI,
DAWAR,
DAYAL,
DBASTOLA,
DC,
DEBADI,
DEDAI,
DEDVKOTA,
DEEP,
DEEPAK,
DENNIS,
DEO,
DEOJA,
DEOJU,
DEOKOTA,
DESAR,
DESEMARU,
DESHAR,
DESHEMARU,
DEUBA,
DEUBANJAR,
DEUJA,
DEULA,
DEV,
DEVAKOTA,
DEVBHANDARI,
DEVGI,
DEVI,
DEVKOTA,
DEWAN,
DHAJISTHA,
DHAKA,
DHAKAISH,
DHAKAL,
DHAKAL`,
DHAKAWA,
DHAKHAL,
DHAKHWA,
DHAL,
DHAMAL,
DHAMALA,
DHAMI,
DHAMLA,
DHANAWAT,
DHANCHHA,
DHANJU,
DHANUK,
DHANUKA,
DHANUSHE,
DHAR,
DHAREL,
DHAREWA,
DHAREWAL,
DHAUBADEL,
DHAUBAJI,
DHAUBANJAR,
DHAUBHADEL,
DHAUNYA,
DHAWADI,
DHAWAL,
DHEWAJOO,
DHIMAL,
DHIR,
DHIRSEN,
DHITAL,
DHMANIYA,
DHNAJU,
DHOBI,
DHODARI,
DHOJU,
DHOLI,
DHONJU,
DHONSHRESTHA,
DHOOT,
DHOUBANJAR,
DHOUBANJARA,
DHOUBHADEL,
DHOUGODA,
DHUGEL,
DHUGODA,
DHUJUSHR,
DHUKHWA,
DHUKUCHHU,
DHULAL,
DHUNGAN,
DHUNGANA,
DHUNGE,
DHUNGEL,
DHUNGNA,
DHUNJU,
DHUNNGANA,
DHWAJ,
DIKSHIT,
DILSHAD,
DIMDUNG,
DISTI,
DIWAKAR,
DIXIT,
DIYALI,
DNGOL,
DOKANIYA,
DOLKAR,
DOLMA,
DONG,
DONGAL,
DONGOL,
DORANG,
DORANGA,
DOTEL,
DR,
DUBBEY,
DUBEDI,
DUBEY,
DUDHANI,
DUGAD,
DUGAR,
DUGU,
DUGUJU,
DULAL,
DUMARU,
DUMJAN,
DUMRE,
DUNGANA,
DUNGEL,
DURA,
DURME,
DUTT,
DUTTA,
DUWADEE,
DUWADI,
DUWAL,
DWA,
DWARE,
DWIREDI,
DWIVEDI,
DYOLA,
ESHWAR,
FAGO,
FAHAD,
FARHEEN,
FARSAL,
FAUJDAR,
FAYAL,
FOYAL,
FULLEL,
FUYAL,
G.C.,
GACHHADAR,
GADAL,
GADERIYA,
GADTAULA,
GADTOLA,
GADTOULA,
GAGUREL,
GAHA,
GAHAMAGAR,
GAHATRAJ,
GAHIRE,
GAIDA,
GAIHRE,
GAIN,
GAINJU,
GAIRE,
GAIRHE,
GAISI,
GAJMER,
GAJMIR,
GAJUREL,
GALAMI,
GAMAL,
GAMBJAR,
GAMI,
GANA,
GANAWALI,
GANDHARI,
GANDHARY,
GANDRAMA,
GANEJOO,
GANEJU,
GANESH,
GANGAI,
GANGAJU,
GANGOL,
GANIKA,
GANSI,
GANWALE,
GARANJA,
GARBUJA,
GARG,
GARTAULA,
GARU,
GASI,
GATAUT,
GATUAM,
GAU,
GAUATAM,
GAUCHAN,
GAUCHEN,
GAUDEL,
GAULI,
GAUMTA,
GAURAV,
GAURISHARIA,
GAURO,
GAUTAM,
GAUTMA,
GAUTTAM,
GAYAWALI,
GC,
GELAL,
GEWALI,
GEYAL,
GHAJU,
GHAL,
GHALA,
GHALAN,
GHALAY,
GHALE,
GHALSENI,
GHAMARI,
GHAMERI,
GHARANA,
GHAREL,
GHARTI,
GHARTICHHETRI,
GHATANI,
GHATRI,
GHATUWA,
GHEMIRE,
GHEMOSU,
GHESHING,
GHIHRE,
GHIMERE,
GHIMIE,
GHIMIR,
GHIMIRA,
GHIMIRE,
GHIMIREE,
GHIMRIE,
GHINANJ,
GHINANJU,
GHIRAIYA,
GHISHING,
GHISING,
GHMIRE,
GHO,
GHORASAINEE,
GHORASAINI,
GHORSAINI,
GHOSE,
GHOSHAL,
GHOTANE,
GHUJEL,
GHUNGANA,
GIDEL,
GIREE,
GIREL,
GIRI,
GIRIA,
GIURUNG,
GM,
GNAWALE,
GNAWALI,
GNYAWALI,
GOCCHHA,
GOCHHEN,
GODAR,
GOEL,
GOENKA,
GOHIVAR,
GOIT,
GOJA,
GOLA,
GOLAY,
GOLCHHA,
GOLDHOUSE,
GOLE,
GOLEA,
GONGA,
GONGAL,
GONGJU,
GOPALI,
GOPE,
GORA,
GORAGAIN,
GORATHOKI,
GORE,
GORKHALI,
GORKHALY,
GOSAI,
GOSAIN,
GOSHAIN,
GOSHALI,
GOSWAMI,
GOTAME,
GOTHE,
GOTHI,
GOUD,
GOUDEL,
GOULI,
GOUTAM,
GOYAL,
GT,
GUATAM,
GUBAHAJU,
GUBAJU,
GUBHAJU,
GUGUNG,
GULMI,
GUNI,
GUNRAGAI,
GUNUNGE,
GUPT,
GUPTA,
GURAGAI,
GURAGAIN,
GURAU,
GURAV,
GURDHAMI,
GURMACHHAN,
GURMAITA,
GURUBAACHARYA,
GURUBACHARYA,
GURUGN,
GURUING,
GURUMA,
GURUN,
GURUNG,
GURUWACHARYA,
GUVAJOO,
GUVAJU,
GWACHHA,
GWAWALY,
GYABAK,
GYALTSEN,
GYAMDEN,
GYANWALI,
GYAWALE,
GYAWALEE,
GYAWALI,
GYWALI,
HACHHETHU,
HADA,
HADKHALE,
HAJAM,
HAKUDUWAL,
HALAWAT,
HALDAR,
HALUWAI,
HALWAE,
HALWAI,
HAMAL,
HAMO,
HAQ,
HAQUE,
HARDWARE,
HARIJAN,
HARLALKA,
HARUN,
HASDA,
HASHMI,
HASIM,
HATHI,
HATTHI,
HATUWAL,
HAWARI,
HAYANJU,
HAYU,
HEDA,
HEKA,
HENGAJU,
HEYOJOO,
HINGMANG,
HIRACHAN,
HISARIA,
HISKI,
HOMAGAI,
HOMAGAIN,
HOMEGAI,
HONA,
HORA,
HORAJU,
HOSSAN,
HOSSIAN,
HOUSE,
HTAPA,
HUJU,
HUMAGAI,
HUMAGAIN,
HUMAGAN,
HUMAGIN,
HUMEGAIN,
HUMGAIN,
HUSAID,
HUSAIN,
HUSEN,
HUSSAIN,
HUSSAN,
HUSSIAN,
HUZDAR,
HYANMIKHA,
HYAUNMIKHA,
HYOJU,
HYOMBA,
IJAM,
IKRAM,
IMAM,
IMPEX,
IMTIYAZ,
INGNAM,
INTERNATIONAL,
INVESTMENT,
IRSHADULAH,
ISAR,
ISHAR,
ISHER,
ISHWAR,
ITANI,
ITENI,
ITWARI,
IWARAM,
IYER,
J.B.RANA,
JABEGU,
JADHARI,
JAGRIT,
JAH,
JAHA,
JAHAN,
JAIN,
JAISAWAL,
JAISHI,
JAISHWAL,
JAISI,
JAISWAL,
JAISWAR,
JAJODIA,
JAJODIYA,
JAKHAR,
JAKIBANJAR,
JALAN,
JAMAAKATEL,
JAMAKATE,
JAMAKATEL,
JAMAKRATTEL,
JAMALI,
JAMANG,
JAMARKATEL,
JAMARKATTEL,
JAMKATEL,
JAMKATTEL,
JANGAM,
JAPREL,
JARGHA,
JARNAL,
JASARAJ,
JASBEGU,
JASGADH,
JASPAU,
JATI,
JATIYA,
JAYANA,
JAYASAWAL,
JAYASWAL,
JAYSAWAL,
JAYSWAL,
JBR,
JE,
JEREL,
JETH,
JETHARA,
JHA,
JHANG,
JHANGAJU,
JHANKRI,
JHUNJHUNWALA,
JHUNJHUWALA,
JHYARI,
JIBRAN,
JIMBA,
JIMEE,
JIREL,
JJOSHI,
JNAWALI,
JODHANI,
JOGAI,
JOLI,
JONCHEN,
JONCHHE,
JONCHHEN,
JOSEPH,
JOSH,
JOSHEE,
JOSHI,
JOSHII,
JOSHY,
JOSIH,
JOTI,
JUGJALI,
JUWA,
JWALA,
JWARCHAN,
JWORCHAN,
JYAKHAWA,
JYAKHWA,
JYAKHWO,
JYOTI,
K.C,
K.C.,
KABARA,
KABARI,
KABARIYA,
KABRA,
KACHHAPATI,
KACHHEPATI,
KACHHYAPATI,
KADAMBIYA,
KADARIYA,
KADAYAT,
KADEL,
KADERIYA,
KADKA,
KADMIYA,
KADUWAL,
KAFEL,
KAFELE,
KAFLE,
KAFLEY,
KAGLIWALA,
KAHANL,
KAHAR,
KAHDGI,
KAHDKA,
KAHREL,
KAHTAKHO,
KAHTIWADA,
KAHTRI,
KAINI,
KAKASHAPATI,
KAKI,
KAKRI,
KAKSHAPATI,
KAKSHYAPATI,
KALAKHETI,
KALATHOKI,
KALAUNEE,
KALAUNI,
KALAWAR,
KALAWARIN,
KALDHAN,
KALIKA,
KALIKOTE,
KALIRAJ,
KALKOTE,
KALOUNI,
KALU,
KALUKUNDA,
KALWAL,
KALWAR,
KALWARNI,
KALYANKARI,
KAMACHARYA,
KAMAR,
KAMAT,
KAMBANG,
KAMI,
KANAJEET,
KANDANGWA,
KANDEL,
KANDELWAL,
KANDOL,
KANEL,
KANGMANG,
KANHAR,
KANJIT,
KANODIA,
KANSAKA,
KANSAKAAR,
KANSAKAR,
KANSKAR,
KANT,
KANTH,
KANU,
KANUBAN,
KANUBANIY,
KANWAR,
KAPAD,
KAPADI,
KAPALI,
KAPAR,
KAPARI,
KAPCHHAKI,
KAPHALE,
KAPHLE,
KAPHLEY,
KAPRI,
KAR,
KARAKHETI,
KARAKI,
KARAMCHARYA,
KARAN,
KARANJEET,
KARANJETT,
KARANJIT,
KAREEM,
KARJEE,
KARKEE,
KARKEY,
KARKI,
KARKY,
KARMA,
KARMACAHRAYA,
KARMACAHRYA,
KARMACHARYA,
KARMACHRYA,
KARMARKAR,
KARMI,
KARN,
KARNA,
KARNAJEET,
KARNANJIT,
KARNIKAR,
KARNJIT,
KARWAL,
KASAA,
KASAJOO,
KASAJU,
KASALAWAT,
KASAUDHAN,
KASHAI,
KASHAJU,
KASHICHHWA,
KASHYAP,
KASICHHWA,
KASIM,
KASINCHHYA,
KASPAL,
KASTI,
KASUJU,
KASULA,
KATAL,
KATARIYA,
KATAWAL,
KATEL,
KATHAIT,
KATHARIYA,
KATHAYAT,
KATHET,
KATHYAT,
KATIWADA,
KATKI,
KATTEL,
KATTLE,
KATU,
KATUWAL,
KATWAL,
KAUCHA,
KAUCHHA,
KAUDAL,
KAUDEL,
KAUSHAL,
KAUSHIK,
KAWAN,
KAWANG,
KAWAR,
KAWARI,
KAWAY,
KAYAL,
KAYASHTA,
KAYASTHA,
KAYEST,
KAYESTHA,
KC,
KEDEM,
KEDIA,
KEDIYA,
KENDAL,
KERUNG,
KESARI,
KESHAN,
KESHARI,
KESHARY,
KEWAT,
KEYAL,
KHACHHIBHOVA,
KHACHHIBHOYA,
KHADAGI,
KHADAKA,
KHADAYAT,
KHADGA,
KHADGE,
KHADGI,
KHADKA,
KHADKHA,
KHADKI,
KHADKLA,
KHAGEE,
KHAGI,
KHAH,
KHAIJU,
KHAIRGOLI,
KHAITU,
KHAKI,
KHAKULEL,
KHAKURAL,
KHAKUREL,
KHALIQUE,
KHAMABA,
KHAMBU,
KHAMCHA,
KHAN,
KHANA,
KHANAL,
KHAND,
KHANDEL,
KHANDELWAL,
KHANDEWAL,
KHANDLWAL,
KHANEL,
KHANG,
KHANGA,
KHANIBANJAR,
KHANIYA,
KHANL,
KHANNAL,
KHAOKHALI,
KHAPANGI,
KHAPBE,
KHAPUNG,
KHARAL,
KHARBUJA,
KHAREL,
KHARGA,
KHARGE,
KHARKI,
KHARTI,
KHASU,
KHATAKHO,
KHATBE,
KHATI,
KHATIBADA,
KHATIWADA,
KHATIWODA,
KHATOON,
KHATOR,
KHATRA,
KHATRE,
KHATRI,
KHATRY,
KHATTI,
KHATTRI,
KHATTRY,
KHATUN,
KHAWAS,
KHAWASH,
KHAWAUNJU,
KHAYAJU,
KHAYAMALI,
KHAYAR,
KHAYARGOLI,
KHEDIA,
KHEDIYA,
KHEMKA,
KHERAL,
KHERWAR,
KHETAN,
KHETHAN,
KHETRI,
KHEWA,
KHHATRI,
KHIMBAJA,
KHIRISINA,
KHIUJU,
KHIUNJU,
KHNNAL,
KHOJU,
KHOKHALI,
KHOSIN,
KHOTEJA,
KHUJU,
KHULAL,
KHUMAL,
KHUNA,
KHUSAL,
KHWAKHALI,
KHWAONJOO,
KHWAOUNJOO,
KHWAUNJU,
KHYAJU,
KIBACHHEN,
KIBANAYO,
KIJU,
KIRAN,
KIRANT,
KIRANTI,
KIRAT,
KISAN,
KISI,
KM,
KOERI,
KOHAR,
KOI,
KOIIRALA,
KOIRAL,
KOIRALA,
KOIRELA,
KOIRI,
KOIRLAA,
KOJI,
KOJU,
KOLAH,
KONAJO,
KONDA,
KONE,
KONGA,
KOTHARI,
KOTI,
KOTTARI,
KRRKI,
KSETRI,
KSETRY,
KSHATRI,
KSHATRY,
KSHETREE,
KSHETRI,
KSHETRY,
KSHETTRI,
KSHIYAIT,
KSHSRETRI,
KUCHERIA,
KUIKEL,
KUINKEL,
KULU,
KULUNG,
KUMAI,
KUMAL,
KUMAR,
KUMARI,
KUMHAL,
KUMIN,
KUMPAKHA,
KUNDALIYA,
KUNEAR,
KUNWAR,
KUNWOR,
KURMI,
KURUMBANG,
KUSARI,
KUSATHA,
KUSAWAHA,
KUSHAWAH,
KUSHAWAHA,
KUSHI,
KUSHWAHA,
KUSHWAR,
KUSI,
KUSMA,
KUTAL,
KUTHU,
KUTU,
KUTUWA,
KUTUWO,
KUWAR,
KWAUNJU,
KYAL,
KYASTHA,
LABH,
LACHHIMASYU,
LACOUL,
LAGE,
LAGEJU,
LAGHU,
LAGOON,
LAKAI,
LAKHA,
LAKHAJU,
LAKHE,
LAKHEMARU,
LAKHEY,
LAKOUL,
LAL,
LALA,
LALCHAN,
LALDAS,
LALIT,
LALUWA,
LALWANI,
LAMA,
LAMGADE,
LAMICHAHNE,
LAMICHANE,
LAMICHANNE,
LAMICHHANE,
LAMICHHANI,
LAMICHHANNE,
LAMISHHANE,
LAMKADE,
LAMSAL,
LAMSHAL,
LAMXAL,
LANICHHANE,
LASIWA,
LATH,
LAUDARI,
LAV,
LAVAJU,
LAWAJU,
LAWAT,
LAWATEE,
LAWATI,
LAWOJU,
LAWOT,
LAWOTI,
LAYALU,
LEE,
LEKALI,
LEKHAK,
LEKHI,
LEKHY,
LEPCHE,
LIBI,
LIGAL,
LIMBHU,
LIMBU,
LIMICHHANE,
LIMITED,
LINGDEN,
LINGTHEP,
LO,
LODHA,
LOHALA,
LOHANI,
LOHAR,
LOHIA,
LOHIYA,
LOHOLA,
LOPCHAN,
LOTHYAL,
LOWA,
LUHAR,
LUINTEL,
LUITEL,
LUMBA,
LUMBINI,
LUNGBA,
LUNGELI,
LWAGUN,
MA,
MAAHJAN,
MAAHRJAN,
MAANDHAR,
MAANNDAHR,
MAASKEY,
MABO,
MACHAMASEE,
MACHAMASI,
MADAI,
MADEMBA,
MADEN,
MADHAIA,
MADHEKARMI,
MADHIKARMI,
MADWARI,
MAGA,
MAGAHIYA,
MAGAJU,
MAGAR,
MAGARATI,
MAGARNI,
MAGHAIYA,
MAGHI,
MAGRANTI,
MAGRATI,
MAHAJAN,
MAHAJU,
MAHAL,
MAHANDHAR,
MAHAR,
MAHARA,
MAHARAJAN,
MAHARAJI,
MAHARAJN,
MAHARJA,
MAHARJAN,
MAHARJAQN,
MAHARJNA,
MAHASETH,
MAHAT,
MAHATA,
MAHATARA,
MAHATHA,
MAHATO,
MAHATOKUSHWA,
MAHATRA,
MAHATTO,
MAHESHARY,
MAHESHWARI,
MAHOTARI,
MAHOTRA,
MAHRAJAN,
MAHRAN,
MAHRJAN,
MAHTEMA,
MAHTO,
MAINALEE,
MAINALI,
MAJAGAIYAN,
MAJAKOTI,
MAJAKU,
MAJGANYA,
MAJHEE,
MAJHI,
MAJJNANDHAR,
MAKA,
MAKAI,
MAKAJU,
MAKHASHYA,
MAL,
MALAKAR,
MALASHI,
MALASI,
MALBUL,
MALEKAR,
MALEKHU,
MALEKOO,
MALEKU,
MALEPATI,
MALHOTRA,
MALI,
MALL,
MALLA,
MALLAMALI,
MALLICK,
MALLIK,
MALPANI,
MALU,
MAMBA,
MANA,
MANADHAR,
MANADNAHR,
MANADNHAR,
MANAHDAR,
MANAMDAR,
MANANAHDR,
MANANDAHR,
MANANDAR,
MANANDHAR,
MANANDHR,
MANANHDAR,
MANDAL,
MANDAR,
MANDAU,
MANDEL,
MANGARATI,
MANGMU,
MANI,
MANJAN,
MANJHI,
MANNADHAR,
MANNDHAR,
MANNI,
MANSOOR,
MANSUR,
MANSURI,
MANU,
MARAHATA,
MARAHATHA,
MARAHATTA,
MARAHATTHA,
MARAR,
MARASAINI,
MARASEENI,
MARASENI,
MARASINE,
MARASINI,
MARATHA,
MARATTHA,
MARHAJAN,
MARHATTA,
MARIKHU,
MARITA,
MARKHU,
MARSAINI,
MARSANI,
MARSHAINE,
MARU,
MARWADI,
MARWADY,
MARWARI,
MASHAL,
MASKAY,
MASKE,
MASKEY,
MASTO,
MATANG,
MATHEMA,
MAURYA,
MAUWAR,
MECHE,
MEHATA,
MEHTA,
MEJAR,
MEJU,
METHA,
MEYJU,
MHAT,
MIJAR,
MIKCHAN,
MIKRANI,
MINDA,
MINNAT,
MISHAR,
MISHRA,
MISHRE,
MISRA,
MITTAL,
MITTRUKA,
MIYA,
MIYAN,
MIZAR,
MOCHI,
MODI,
MOHAMED,
MOHAPAL,
MOHATA,
MOHPAL,
MOHTA,
MOJAMIL,
MOKTAN,
MOOL,
MORE,
MOTE,
MOTRA,
MUDAVARI,
MUDAWARI,
MUDBARI,
MUDBHARI,
MUDBHARY,
MUDHARY,
MUDHBARI,
MUDVARI,
MUDVARY,
MUGARATI,
MUIL,
MUKARUNG,
MUKHERJEE,
MUKHIA,
MUKHIYA,
MUKTAN,
MUL,
MULAMI,
MULEPATI,
MULGUTHI,
MULL,
MULMI,
MULPATI,
MUNAKARMI,
MUNANKAMI,
MUNANKARMI,
MUNANKARMY,
MUNDRA,
MUNGRATI,
MUNIKAR,
MUNUNKARMI,
MURAKA,
MURARKA,
MURMU,
MUSAHAR,
MUSALMAN,
MUSHYAKHOW,
MUSHYAKHWO,
MUSLIM,
MUSYAJU,
MUSYAKHWO,
NAAZ,
NADDAF,
NAG,
NAGAJU,
NAGALIYA,
NAGARKOTI,
NAGERKOTI,
NAGILA,
NAHARKI,
NAHATA,
NAINAWOSTI,
NAIR,
NAKAL,
NAKAMI,
NAKARMI,
NAKHAN,
NAKRAMI,
NAME,
NANDA,
NANDAN,
NANDANA,
NANDI,
NANDWANA,
NANJU,
NANKHWA,
NAPIT,
NAR,
NARAKMI,
NARAL,
NASHRINE,
NATH,
NAULA,
NAULAKHA,
NAUPANA,
NAUPANE,
NAWAZ,
NAYABHA,
NAYAJU,
NAYAK,
NAYAN,
NAYAVA,
NEAPLI,
NEAUPANE,
NEGI,
NEJPANE,
NEJUPANE,
NEKU,
NEMABANG,
NEMBANG,
NEMKUL,
NEOPANE,
NEOUPANE,
NEPAL,
NEPALI,
NEROULA,
NESHA,
NEUAPNE,
NEUPAL,
NEUPANE,
NEUPANI,
NEURALLA,
NEVATIA,
NEWA,
NEWAR,
NEWARNI,
NEYPANE,
NGAKUSI,
NHAMAFUKI,
NHEMADHUKI,
NHEMAPHUKI,
NHEMHAFUKI,
NHISUTU,
NHUCHHE,
NHUCHHEN,
NIAULA,
NIDAL,
NIDHI,
NIHURE,
NINAYAK,
NIRALA,
NIRAULA,
NIRIOULA,
NIRMAL,
NIROLLA,
NIROULA,
NIURE,
NOORI,
NUAUBAGH,
NURAIN,
NURAULA,
NYACHHYON,
NYAICHYAI,
NYAPANE,
NYAUPANE,
NYKHAN,
NYOUPANE,
ODARI,
OJHA,
OLEE,
OLI,
OLIYA,
ONKOW,
ONTA,
OPERATIVE,
OSTHI,
OSTI,
P0RADHAN,
PAARIYAR,
PACHHAI,
PACHHAIN,
PACHYA,
PADHAN,
PADHANANG,
PADHAYA,
PADHYA,
PADHYANI,
PADHYAY,
PADHYAYA,
PADNAY,
PADUEL,
PAGENI,
PAHADEE,
PAHADI,
PAHARAI,
PAHARI,
PAHI,
PAHIJU,
PAIJA,
PAIKARA,
PAIKREL,
PAJIYAR,
PAKANEWAR,
PAKHIN,
PAKHRIN,
PAKKA,
PAKUWAL,
PAKWAN,
PAL,
PALACE,
PALANCHOK,
PALANCHOKE,
PALEL,
PALI,
PALIKHAY,
PALIKHE,
PALIKHEE,
PALIKHEL,
PALIKHEY,
PALLI,
PALPALI,
PALUWA,
PANADI,
PANCHA,
PANCHAKOTEE,
PANDA,
PANDAK,
PANDAY,
PANDE,
PANDEIT,
PANDEY,
PANDEYA,
PANDIT,
PANDITA,
PANENI,
PANERU,
PANGENI,
PANGYANI,
PANHAUR,
PANJIAR,
PANJITKAR,
PANJIYAR,
PANMA,
PANT,
PANTA,
PANTAH,
PANTH,
PANTHA,
PANTHE,
PANTHEE,
PANTHI,
PANTHY,
PAODYAL,
PARADHAN,
PARADHANANGA,
PARAJULEE,
PARAJULI,
PARAKH,
PARDHEY,
PARIAR,
PARIJULI,
PARIYAR,
PARJA,
PARJAPATI,
PARJAULI,
PARKI,
PARMAR,
PARSAI,
PARSAILA,
PARUI,
PARVEEN,
PARVEZ,
PARWEEN,
PASACHHE,
PASAKHALA,
PASHWAN,
PASI,
PASWAAN,
PASWAN,
PATEL,
PATERA,
PATHAK,
PATHEE,
PATHIK,
PATHK,
PATRABANSH,
PATRABANSHA,
PAUDAL,
PAUDAYAL,
PAUDEL,
PAUDYAL,
PAUEDEL,
PAUL,
PAWAN,
PAYAKUREL,
PAYKUREL,
PD,
PDUDEL,
PELA,
PEMI,
PENTUNG,
PESEYIE,
PHABANGI,
PHADERA,
PHAGAMI,
PHAGO,
PHAGU,
PHAIJOO,
PHAIJU,
PHAKIR,
PHANTA,
PHELU,
PHEUDIN,
PHOJU,
PHOMBOHANG,
PHONJU,
PHULARA,
PHUYAL,
PIYA,
POAUDAL,
PODAR,
PODDAR,
PODDHAR,
PODE,
PODEL,
PODENI,
PODEY,
POKAHREL,
POKHAAREL,
POKHAEL,
POKHARAL,
POKHAREKL,
POKHAREL,
POKHARELL,
POKHEL,
POKHERAL,
POKHEREL,
POKHREAL,
POKHREL,
POMU,
POODYAL,
POPPE,
POTAMAHA,
POTAMAHAN,
POTE,
POTYA,
POUDAL,
POUDAR,
POUDAYAL,
POUDDEL,
POUDEL,
POUDHYAL,
POUDYA,
POUDYAL,
POUYDEL,
POWDEL,
PRADAI,
PRADHAAN,
PRADHAN,
PRADHANANAGA,
PRADHANANG,
PRADHANANGA,
PRADHANGA,
PRADHNA,
PRAHDAN,
PRAJA,
PRAJAPATI,
PRAJAPTI,
PRAJOO,
PRAJULI,
PRAKASH,
PRAMITA,
PRANGDEN,
PRASAD,
PRASAI,
PRASAIN,
PRASHAD,
PRASUN,
PRASWAI,
PRATIK,
PRATIKSHA,
PRAVEEN,
PRAVEZ,
PRDHAN,
PREMY,
PRIYADARSHI,
PRJAPATI,
PRKRIN,
PUDAISINI,
PUDASAINEE,
PUDASAINI,
PUDASHAINI,
PUDASIANI,
PUDASINI,
PUDASNI,
PUDHAISINI,
PUJARA,
PUJARI,
PULAMI,
PULANCHHE,
PUN,
PUNJ,
PUNJALI,
PUNMAGAR,
PURBACHHANE,
PURBAY,
PURBE,
PURBEY,
PURI,
PURIMITLA,
PURJA,
PURKUTI,
PURNAMI,
PURVE,
PUSASHAINI,
PUTUWAR,
PUTWOR,
PUYAL,
PYAKURAL,
PYAKUREAL,
PYAKUREL,
PYAKURYEL,
PYATHA,
PYOUDEL,
QUURESHI,
R.D,
RA,
RABBANI,
RAGHUBANSHI,
RAGMI,
RAHAMAN,
RAHIMAN,
RAHMAN,
RAHMI,
RAHUL,
RAHUT,
RAI,
RAIKHOLA,
RAIN,
RAINIYAR,
RAISAILI,
RAITHORE,
RAJ,
RAJAK,
RAJAURE,
RAJAURIA,
RAJAURIYA,
RAJBAHAK,
RAJBAHNDARI,
RAJBANGSHI,
RAJBANGSI,
RAJBANSHI,
RAJBANSI,
RAJBHADNARI,
RAJBHANDAI,
RAJBHANDAIR,
RAJBHANDARI,
RAJBHANDARY,
RAJBHANDHARI,
RAJBHANDRAI,
RAJBHANDRAIR,
RAJBHANSHI,
RAJBHAR,
RAJBHARAT,
RAJBHAT,
RAJCHAL,
RAJDHAMI,
RAJGHATANI,
RAJKARNIKAR,
RAJKHAREL,
RAJLAWAT,
RAJLAWOT,
RAJLWAT,
RAJOPADHAYA,
RAJOPADHYA,
RAJOPADHYAY,
RAJOPADHYAYA,
RAJOPADHYAYE,
RAJOPHADYA,
RAJOURIA,
RAJPAL,
RAJPUT,
RAJRACHARYA,
RAJTHALA,
RAJTHEULA,
RAKHAL,
RAKHECHA,
RAKI,
RAM,
RAMAJHI,
RAMAN,
RAMAULI,
RAMAWAT,
RAMDAM,
RAMJALI,
RAMTEL,
RAMUDAMU,
RAN,
RANA,
RANABHAT,
RANAMAGAR,
RANAPAL,
RANBANSHI,
RANGATA,
RANGTA,
RANJAN,
RANJIT,
RANJITKAR,
RANPAHELI,
RANPHAILI,
RANZITKAR,
RAO,
RAPACHA,
RARBHANDARI,
RASAILEE,
RASAILI,
RASAILY,
RASALI,
RASHID,
RASKOTI,
RASTOGI,
RATALA,
RATERIA,
RATHAUR,
RATHI,
RATHOD,
RATHOR,
RATHOUR,
RATNAM,
RAUL,
RAUNIAR,
RAUNIYAR,
RAUT,
RAUTH,
RAW,
RAWA,
RAWAL,
RAWAT,
RAWNER,
RAWOT,
RAY,
RAYA,
RAYAL,
RAYAMAJAHI,
RAYAMAJHEE,
RAYAMAJHI,
RAYAMAZI,
RAYEEN,
RAYEMAJHI,
RAYMAJHI,
RC,
REGAMI,
REGMEE,
REGMI,
REMAL,
REMEL,
REMGI,
REMIMAGAR,
RESHMI,
RESMI,
REULE,
REWAL,
REZA,
RIJAL,
RIJWAN,
RILAMI,
RIMAL,
RISAL,
RISHAL,
RISHIDEV,
RISHIRAJ,
RIZAL,
RJBHANDARY,
ROHIT,
ROHITA,
ROKA,
ROKAHA,
ROKAYA,
ROKKA,
ROPAKHETI,
ROUNIYAR,
ROUTE,
ROY,
RUCHAL,
RUIT,
RUMBA,
RUNGTA,
RUPAKHETI,
RUPAKHETY,
RUWALI,
SA,
SAAKHA,
SAAKHAKARMI,
SABAWUL,
SACHIN,
SADADEV,
SADAULA,
SAFI,
SAGAR,
SAGARAWAGI,
SAH,
SAHA,
SAHANI,
SAHASHANKAR,
SAHI,
SAHTELI,
SAHU,
SAHUKHAL,
SAHUKHALA,
SAIJU,
SAINJU,
SAKHA,
SAKHAKARMI,
SAKI,
SAKIB,
SAKOTA,
SAKUMI,
SAKYA,
SALIKE,
SAMANT,
SAMARI,
SAMBAHAMPHE,
SAMBAHANDHE,
SAMBAHANGPHE,
SAMUNDRA,
SAMYUHANG,
SAN,
SANCHETI,
SANDA,
SANDHYA,
SANGACHE,
SANGACHHE,
SANGACHHEN,
SANGAMI,
SANGANCHE,
SANGAT,
SANGHAI,
SANGRAULA,
SANGRDULA,
SANGROULA,
SANJEL,
SANJYAL,
SANSKAR,
SANSKRITI,
SANSTHA,
SANTHALIYA,
SAPHI,
SAPKOTA,
SAPKTOA,
SAPOKOTA,
SARADA,
SARAF,
SARAFF,
SARANGKOTI,
SARAOGI,
SARAWAGI,
SARDA,
SARDAAR,
SARDAR,
SARIA,
SARIYA,
SARKAR,
SARKI,
SARMA,
SARRAF,
SARRAFF,
SARRAPH,
SARU,
SARWAGAI,
SASTYAL,
SATYAL,
SAUD,
SAUDEN,
SAUNTHALIYA,
SAURAV,
SAWA,
SAWAT,
SAYAMI,
SAYANJU,
SAYENJU,
SEDAI,
SEDAIN,
SEDHAI,
SEDHAIN,
SEHUWAL,
SEJUWAL,
SELUWAL,
SEN,
SENCHIRI,
SENCHURI,
SENCHURY,
SENURIYA,
SERCHAN,
SERESTH,
SERMA,
SERVICES,
SETHI,
SETHIA,
SETI,
SEWACHARYA,
SEWA,
SEWAN,
SHA,
SHAH,
SHAHA,
SHAHANI,
SHAHEE,
SHAHI,
SHAHSHANKAR,
SHAHU,
SHAI,
SHAIKH,
SHAINI,
SHAKA,
SHAKAYA,
SHAKHA,
SHAKHAKARMI,
SHAKYA,
SHAMS,
SHAN,
SHANGA,
SHANKAR,
SHANKHADEV,
SHANKHI,
SHAPAKOTA,
SHAPKOTA,
SHARADA,
SHARAMA,
SHARAN,
SHARDA,
SHARESTHA,
SHARKI,
SHARMA,
SHARMACHARYA,
SHARPA,
SHARRF,
SHARSTHA,
SHASTRI,
SHAUD,
SHAYAJU,
SHDRESTHA,
SHEDAI,
SHEDHAI,
SHEDHAIN,
SHEIKH,
SHEKH,
SHELALIK,
SHERAP,
SHERCHAN,
SHERESTHA,
SHERMA,
SHERPA,
SHERPINI,
SHERSTHA,
SHESTHA,
SHFRESTHA,
SHIBAKOTI,
SHIGDEL,
SHIGU,
SHIKARMI,
SHIKHRAKAR,
SHIKHRAKHAR,
SHIKHRNKAR,
SHILAKAR,
SHILPAKAR,
SHILPKAR,
SHILWAL,
SHIMKHADA,
SHING,
SHIVABHAKTI,
SHIVAHARI,
SHIVAKOTI,
SHIVHARI,
SHIWAKOIT,
SHIWAKOPTI,
SHIWAKOTI,
SHIWKOTI,
SHKAYA,
SHOHU,
SHRAFF,
SHRAMA,
SHRARMA,
SHRCHAN,
SHRECHAN,
SHREES,
SHREESH,
SHREEVASTAVA,
SHREEWASTAV,
SHREPA,
SHRERSTHA,
SHRESATH,
SHRESETHA,
SHRESGTHA,
SHRESHA,
SHRESHTA,
SHREST,
SHRESTA,
SHRESTAH,
SHRESTH,
SHRESTHA,
SHRESTHACHARYA,
SHRESTHA],
SHRESTHA`,
SHRESTHS,
SHRETHA,
SHRETSHA,
SHREVASTAVA,
SHRISTHA,
SHRIVASTAN,
SHRIVASTAV,
SHRIVASTAVA,
SHRIWASATV,
SHRIWASHAV,
SHRIWASTAV,
SHRMA,
SHRRESTHA,
SHRSETHA,
SHRSTHA,
SHTAPIT,
SHTESTHA,
SHUKLA,
SHUTIHAR,
SHYAMA,
SHYAMAJU,
SHYANGBA,
SHYANGBO,
SHYAULA,
SIBAKOTI,
SIBANJAR,
SIDDHI,
SIDDIKI,
SIDDIQI,
SIDDIQU,
SIDDIQUE,
SIDDIQUI,
SIGAURE,
SIGDEL,
SIHAPIT,
SIHGH,
SIJAKHOW,
SIJAKHWA,
SIJALI,
SIJAPATI,
SIKARIA,
SIKARMI,
SIKHRAKAR,
SIKRAKAR,
SIKRIKAR,
SIKU,
SILAKAR,
SILAWAL,
SILAWALA,
SILPAKAR,
SILUWAL,
SILWAL,
SILWAR,
SIMANGGAIDA,
SIMKHADA,
SINDHULIYA,
SINDHURAKAR,
SINDURAKAR,
SING,
SINGAL,
SINGDEL,
SINGH,
SINGHA,
SINGHAL,
SINGHANIA,
SINGHANIYA,
SINGHGIRI,
SINGJALI,
SINGTAN,
SINHA,
SINJALI,
SINJAPATI,
SINKAMUNI,
SINKEMANA,
SINKHADA,
SINKHWAL,
SINNYA,
SIPAHI,
SIPAI,
SIRINGCHHE,
SIRMAL,
SIROHIYA,
SIRPAILI,
SISKA,
SITAULA,
SITIKHU,
SITOULA,
SITUWALA,
SIVAKOTI,
SIWA,
SIWABHAKTI,
SIWAKOITI,
SIWAKOTI,
SIWKHADA,
SJHRESTHA,
SKAKYA,
SOB,
SODARI,
SODEMBA,
SOMAI,
SOMANI,
SOMI,
SOMYAHANG,
SONAR,
SONI,
SONJU,
SONTHALIA,
SONU,
SONUWAR,
SONY,
SOTI,
SOWEDI,
SPKOTA,
SREEWASTHAVA,
SRESTHA,
SRHESTHA,
SRI,
SRIBASTAV,
SRITHA,
SRIVASTAV,
STAPIT,
STH,
STHAPIT,
SUBADI,
SUBBA,
SUBEDE,
SUBEDEE,
SUBEDHI,
SUBEDI,
SUBEDY,
SUBHANI,
SUDI,
SUHANG,
SUJAKHI,
SUJAKHU,
SUKAMANI,
SUKHANI,
SUKUBHATTU,
SUKUPAYO,
SULPYA,
SULTANIYA,
SULU,
SUMAN,
SUMANGALA,
SUNAM,
SUNAR,
SUNARI,
SUNARNI,
SUNAWAR,
SUNCHORI,
SUNCHURI,
SUNCHURY,
SUNDAS,
SUNDASH,
SUNUWAR,
SUNWAR,
SUPPLIERS,
SURANA,
SURKHETI,
SURYABANSHI,
SUSHMITAREGMI,
SUTARKARKI,
SUTIHAR,
SUVEDI,
SUVOKARM,
SUWAL,
SUYAL,
SUYEL,
SWAR,
SWARNAKAR,
SWODARI,
SWONGAMIKHA,
SYANGBO,
SYANGTAN,
TABDAR,
TABEDAR,
TACHAMO,
TADNUKAR,
TAEMANI,
TAIYAB,
TAJALE,
TAJHYA,
TAJMUL,
TAJPURIA,
TAJPURIYA,
TAKHACHE,
TAKHACHHE,
TAKO,
TAKTHARI,
TAMAKAR,
TAMAKHU,
TAMANG,
TAMANGNI,
TAMARAKAR,
TAMATA,
TAMATTA,
TAMAULI,
TAMI,
TAMKRAKAR,
TAMOLI,
TAMOT,
TAMRAKAR,
TAMRKAR,
TAMU,
TANADUKAR,
TANDAN,
TANDON,
TANDUKAR,
TANGETANI,
TANGLAMI,
TANUKAR,
TAPA,
TAPARIA,
TAPOL,
TARALIBI,
TASHI,
TATED,
TATER,
TATMA,
TAUJALE,
TAYAL,
TCHHRING,
TEGI,
TEKRIWAL,
TELI,
TELIN,
TEMALSENA,
TEMANI,
TENZING,
TER,
THA,
THADA,
THADAMAGAR,
THAGUNNA,
THAIBA,
THAKALI,
THAKSU,
THAKU4,
THAKULAWAT,
THAKULLA,
THAKUR,
THAKURAI,
THAKURATHI,
THAKURI,
THALANG,
THAMANG,
THAMI,
THAMSUHANG,
THANAIT,
THANET,
THANGDEN,
THANI,
THAPA,
THAPALIA,
THAPALIYA,
THAPAMAGAR,
THAPLIYA,
THARU,
THARUNI,
THATAL,
THEBE,
THECHMI,
THEENG,
THEGIM,
THEKARE,
THEWE,
THIKE,
THIMIRE,
THING,
THINGH,
THOKAR,
THPA,
THUADHAR,
THULUNG,
THUSA,
THUYAJU,
THWAL,
TIBADEWAL,
TIBADEWALA,
TIBRAWAL,
TIBREWAL,
TIKHATRI,
TIMALA,
TIMALSENA,
TIMALSINA,
TIMALSINHA,
TIMELSINA,
TIMILA,
TIMILASINA,
TIMILSAINA,
TIMILSENA,
TIMILSHINA,
TIMILSIANG,
TIMILSINA,
TIMILSING,
TIMISINA,
TIMISLINA,
TIMLA,
TIMLASINA,
TIMLSINA,
TIMSHINA,
TIMSINA,
TINKARI,
TIRUWA,
TITUNG,
TIWADEWALA,
TIWAREE,
TIWARI,
TIWARY,
TODI,
TOIJALE,
TOMBAPO,
TONDON,
TOTA,
TOTEL,
TRADELINKES,
TRADERS,
TRIPATHE,
TRIPATHEE,
TRIPATHI,
TRIPATHY,
TRIPTAHI,
TRITAL,
TUALDHAR,
TUITUI,
TUKURIA,
TULACHAN,
TULADAHAR,
TULADAHR,
TULADHAR,
TULDHAR,
TULSHYAN,
TULSI,
TULSIBAKHYA,
TULSIYAN,
TULSYAN,
TUMBA,
TUMBAHANGPHE,
TUMBAPO,
TUMBHAMPHE,
TUMSA,
TUMSINGH,
TUSUJU,
TWANA,
TWANABASHU,
TWANABASU,
TWANAYA,
TWATI,
TWAYANA,
TWITWI,
TYATA,
UADAV,
UAPDHYAY,
UAPRETI,
UDAS,
UDASH,
UDAYA,
UDDIN,
UDHYOG,
UDYOG,
UJHANTHACHHEN,
UKYAB,
ULAK,
UMAR,
UNANKARMI,
UPADHAY,
UPADHAYA,
UPADHAYAY,
UPADHAYAYA,
UPADHAYYA,
UPADHIYA,
UPADHYA,
UPADHYAY,
UPADHYAYA,
UPADHYAYANI,
UPARKOTI,
UPDAHYAY,
UPDHAYA,
UPDHYAYA,
UPERETI,
UPETI,
UPETY,
UPHADAYA,
UPPADHAYA,
UPRATI,
UPRETEE,
UPRETI,
UPRETY,
URANW,
URAON,
URAW,
URAWN,
VAIDHYA,
VAIDIK,
VAIDYA,
VAIJOO,
VARAL,
VARMA,
VATTARAI,
VERMA,
VETWAL,
VHETUWAL,
VHUJAL,
VIADYA,
VIDYADHAR,
VIJAYANANDA,
VISHOKARMA,
VISHWAKARMA,
VONJON,
VYAS,
WAGIL,
WAGLE,
WAGLEY,
WAIBA,
WAIWA,
WAKAR,
WAL,
WANJU,
WARIS,
WASTAW,
WASTI,
WEJU,
WONJA,
WONTA,
WOSTI,
YAD,
YADA,
YADAB,
YADAV,
YADHAV,
YADUBANSHI,
YAGOL,
YAKAMI,
YAKKHA,
YAKTHUMBA,
YAMI,
YANCHA,
YENGDEN,
YOGACHARYA,
YOGAL,
YOGESH,
YOGI,
YOGOL,
YOLMO,
YONGHANG,
YONGYA,
YONJAN,
YONZAN,
YONZON,
YOUSUF,
YUGAL,
YUSUF,
ZAFAR,
ZARRIN,
ZOGI,
